name,payroll,#-of-players,$-per-player,#-of-wins,$-per-win,#-of-runs,$-per-run,difference--of-payroll--to-avg,%-change--from-avg-payroll,%-change-from-avg-#-runs,%-change-from-avg--#--wins,%-change-of-wins-/-%-change--in-payroll,theoretic-%-change-from-avg-#-wins,theoretic--#-of-wins,%-error-of-theory,theoretical-2012-based-on-%-pre-error,theoretical-2012-based-on-%-post-error,theoretical-2012-based-on-average-$-per-win-
"Arizona|Diamondbacks-2006","61,818,898.00",29.00,"2,131,686.14",76.00,"813,406.55",773.00,"79,972.70","-3,212,525.14",-4.94,6.16,-4.40,0.89,-1.88,78.00,2.63,-,-,-
"Arizona|Diamondbacks-2007","53,904,000.00",32.00,"1,684,500.00",90.00,"598,933.33",712.00,"75,707.87","-11,127,423.14",-17.11,-2.22,13.21,-0.77,-6.53,74.31,17.43,-,-,-
"Arizona|Diamondbacks-2008","66,528,000.00",29.00,"2,294,068.97",82.00,"811,317.07",720.00,"92,400.00","1,496,576.86",2.30,-1.12,3.14,1.37,0.88,80.20,2.20,-,-,-
"Arizona|Diamondbacks-2009","73,407,500.00",28.00,"2,621,696.43",70.00,"1,048,678.57",720.00,"101,954.86","8,376,076.86",12.88,-1.12,-11.95,-0.93,4.91,83.41,19.15,-,-,-
"Arizona|Diamondbacks-2010","72,687,565.00",28.00,"2,595,984.46",65.00,"1,118,270.23",713.00,"101,946.09","7,656,141.86",11.77,-2.08,-18.24,-1.55,4.49,83.07,27.80,-,-,-
"Arizona|Diamondbacks-2011","55,889,833.00",29.00,"1,927,235.62",94.00,"594,572.69",731.00,"76,456.68","-9,141,590.14",-14.06,0.39,18.24,-1.30,-5.36,75.24,19.96,-,-,-
"Arizona|Diamondbacks-2012","70,984,166.00",-,-,-,-,-,-,"5,952,742.86",0.09,-,0.03,-,-,-,-,79.53,69.24,85.43
"Arizona|Diamondbacks-AVG","65,031,423.14",29.17,"2,209,195.27",79.50,"830,863.08",728.17,"88,073.03",0.00,0.00,-,-,0.38,-,-,14.86,-,-,-
"Atlanta|Braves--2007","87,780,833.00",28.00,"3,135,029.75",84.00,"1,045,009.92",810.00,"108,371.40","-3,219,806.71",-3.54,7.38,0.60,-0.17,-4.20,79.99,4.77,-,-,-
"Atlanta|Braves-2006","89,820,876.00",28.00,"3,207,888.43",79.00,"1,136,973.11",849.00,"105,796.08","-1,179,763.71",-1.30,12.55,-5.39,4.16,-1.54,82.21,4.07,-,-,-
"Atlanta|Braves-2008","103,069,017.00",30.00,"3,435,633.90",72.00,"1,431,514.13",753.00,"136,877.84","12,068,377.29",13.26,-0.18,-13.77,-1.04,15.75,96.65,34.23,-,-,-
"Atlanta|Braves-2009","97,439,334.00",30.00,"3,247,977.80",86.00,"1,133,015.51",735.00,"132,570.52","6,438,694.29",7.08,-2.56,2.99,0.42,8.40,90.51,5.25,-,-,-
"Atlanta|Braves-2010","84,390,334.00",27.00,"3,125,567.93",91.00,"927,366.31",738.00,"114,350.05","-6,610,305.71",-7.26,-2.17,8.98,-1.24,-8.62,76.30,16.16,-,-,-
"Atlanta|Braves-2011","92,202,417.00",28.00,"3,292,943.46",89.00,"1,035,982.21",641.00,"143,841.52","1,201,777.29",1.32,-15.02,6.59,4.99,1.57,84.81,4.71,-,-,-
"Atlanta|Braves-2012","82,301,667.00",-,-,-,-,-,-,"-8,698,972.71",-0.10,-,-0.11,-,-,-,-,83.41,74.78,73.59
"Atlanta|Braves-AVG","91,000,639.71",28.50,"3,240,840.21",83.50,"1,118,310.20",754.33,"123,634.57",-0.00,1.35,-,-,1.19,-,-,11.53,-,-,-
Baltimore|Orioles-2006,"83,729,266.00",29.00,"2,887,216.07",70.00,"1,196,132.37",768.00,"109,022.48","6,461,582.86",8.36,5.49,3.45,0.41,2.96,69.67,0.48,-,-,-
Baltimore|Orioles-2007,"94,056,726.00",29.00,"3,243,335.38",69.00,"1,363,140.96",756.00,"124,413.66","16,789,042.86",21.73,3.85,1.97,0.09,7.68,72.86,5.60,-,-,-
Baltimore|Orioles-2008,"66,644,581.00",31.00,"2,149,825.19",68.00,"980,067.37",782.00,"85,223.25","-10,623,102.14",-13.75,7.42,0.49,-0.04,-4.86,64.38,5.32,-,-,-
Baltimore|Orioles-2009,"68,369,792.00",28.00,"2,441,778.29",64.00,"1,068,278.00",741.00,"92,266.93","-8,897,891.14",-11.52,1.79,-5.42,0.47,-4.07,64.91,1.43,-,-,-
Baltimore|Orioles-2010,"75,412,500.00",26.00,"2,900,480.77",66.00,"1,142,613.64",613.00,"123,022.02","-1,855,183.14",-2.40,-15.80,-2.46,1.03,-0.85,67.09,1.66,-,-,-
Baltimore|Orioles-2011,"86,989,250.00",27.00,"3,221,824.07",69.00,"1,260,713.77",708.00,"122,866.17","9,721,566.86",12.58,-2.75,1.97,0.16,4.45,70.68,2.43,-,-,-
Baltimore|Orioles-2012,"65,671,667.00",-,-,-,-,-,-,"-11,596,016.14",-0.15,-,-0.05,-,-,-,-,67.63,65.78,56.20
Baltimore|Orioles-AVG,"77,267,683.14",28.33,"2,807,409.96",67.67,"1,168,491.02",728.00,"109,469.09",-0.00,2.12,-,-,0.35,-,-,2.82,-,-,-
Boston|Red-Sox-2006,"124,406,500.00",32.00,"3,887,703.13",86.00,"1,446,587.21",820.00,"151,715.24","-24,289,712.00",-16.34,-3.47,-6.35,0.39,-17.89,75.40,12.32,-,-,-
Boston|Red-Sox-2007,"136,798,083.00",30.00,"4,559,936.10",95.00,"1,439,979.82",845.00,"161,891.22","-11,898,129.00",-8.00,-0.53,3.45,-0.43,-8.76,83.78,11.81,-,-,-
Boston|Red-Sox-2008,"147,568,833.00",34.00,"4,340,259.79",96.00,"1,537,175.34",867.00,"170,206.27","-1,127,379.00",-0.76,2.06,4.54,-5.98,-0.83,91.07,5.13,-,-,-
Boston|Red-Sox-2009,"165,321,476.00",30.00,"5,510,715.87",90.00,"1,836,905.29",875.00,"188,938.83","16,625,264.00",11.18,3.00,-2.00,-0.18,12.25,103.08,14.53,-,-,-
Boston|Red-Sox-2010,"175,822,333.00",32.00,"5,494,447.91",89.00,"1,975,531.83",818.00,"214,941.73","27,126,121.00",18.24,-3.71,-3.09,-0.17,19.98,110.18,23.80,-,-,-
Boston|Red-Sox-2011,"122,803,640.00",31.00,"3,961,407.74",95.00,"1,292,669.89",872.00,"140,829.86","-25,892,572.00",-17.41,2.65,3.45,-0.20,-19.07,74.32,21.77,-,-,-
Boston|Red-Sox-2012,"168,152,619.00",-,-,-,-,-,-,"19,456,407.00",0.13,-,0.14,-,-,-,-,91.96,80.04,105.88
Boston|Red-Sox-AVG,"148,696,212.00",31.50,"4,625,745.09",91.83,"1,588,141.56",849.50,"171,420.53",0.00,-1.85,-,-,1.10,-,-,14.90,-,-,-
Chicago|Cubs-2006,"93,257,833.00",28.00,"3,330,636.89",66.00,"1,412,997.47",716.00,"130,248.37","-25,235,333.43",-21.30,-1.67,-16.98,0.80,-50.66,39.23,40.56,-,-,-
Chicago|Cubs-2007,"98,905,666.00",29.00,"4,147,270.10",85.00,"1,163,596.07",855.00,"140,667.64","-19,587,500.43",-16.53,17.42,6.92,-0.42,-39.32,48.24,43.25,-,-,-
Chicago|Cubs-2008,"120,270,833.00",28.00,"3,532,345.21",97.00,"1,239,905.49",752.00,"131,523.49","1,777,666.57",1.50,3.27,22.01,14.67,3.57,82.34,15.12,-,-,-
Chicago|Cubs-2009,"137,857,333.00",28.00,"4,923,476.18",83.00,"1,660,931.72",707.00,"194,989.16","19,364,166.57",16.34,-2.91,4.40,0.27,38.87,110.40,33.01,-,-,-
Chicago|Cubs-2010,"145,359,000.00",29.00,"5,012,379.31",75.00,"1,938,120.00",685.00,"212,202.92","26,865,833.57",22.67,-5.93,-5.66,-0.25,53.93,122.37,63.16,-,-,-
Chicago|Cubs-2011,"134,329,000.00",27.00,"4,975,148.15",71.00,"1,891,957.75",654.00,"205,396.02","15,835,833.57",13.36,-10.19,-10.69,-0.80,31.79,104.77,47.57,-,-,-
Chicago|Cubs-2012,"99,472,500.00",-,-,-,-,-,-,"-19,020,666.43",-0.16,-,-0.38,-,-,-,-,79.20,56.39,64.12
Chicago|Cubs-AVG,"118,493,166.43",28.17,"4,320,209.31",79.50,"1,551,251.42",728.17,"169,171.27",-0.00,2.27,-,-,2.38,-,-,40.44,-,-,-
Chicago|White-Sox-2006,"102,175,667.00",26.00,"3,929,833.35",90.00,"1,135,285.19",868.00,"117,713.90","-6,170,785.43",-5.70,15.68,8.65,-1.52,-24.75,62.34,30.74,-,-,-
Chicago|White-Sox-2007,"108,956,833.00",27.00,"4,035,438.26",72.00,"1,513,289.35",693.00,"157,224.87","610,380.57",0.56,-7.64,-13.08,-23.22,2.45,84.86,17.86,-,-,-
Chicago|White-Sox-2008,"121,125,167.00",27.00,"4,486,117.30",89.00,"1,360,956.93",811.00,"149,352.86","12,778,714.57",11.79,8.09,7.44,0.63,51.24,125.28,40.76,-,-,-
Chicago|White-Sox-2009,"101,098,500.00",29.00,"3,486,155.17",79.00,"1,279,727.85",724.00,"139,638.81","-7,247,952.43",-6.69,-3.51,-4.63,0.69,-29.06,58.76,25.62,-,-,-
Chicago|White-Sox-2010,"105,530,000.00",28.00,"3,768,928.57",88.00,"1,199,204.55",752.00,"140,332.45","-2,816,452.43",-2.60,0.22,6.24,-2.40,-11.29,73.48,16.50,-,-,-
Chicago|White-Sox-2011,"127,789,000.00",28.00,"4,563,892.86",79.00,"1,617,582.28",654.00,"195,396.02","19,442,547.57",17.94,-12.84,-4.63,-0.26,77.97,147.42,86.60,-,-,-
Chicago|White-Sox-2012,"91,750,000.00",-,-,-,-,-,-,"-16,596,452.43",-0.15,-,-0.67,-,-,-,-,82.28,60.35,67.91
Chicago|White-Sox-AVG,"108,346,452.43",27.50,"4,045,060.92",82.83,"1,351,007.69",750.33,"149,943.15",-0.00,2.17,-,-,4.34,-,-,36.35,-,-,-
Cincinnati|Reds-2006,"64,131,833.00",29.00,"2,211,442.52",80.00,"801,647.91",749.00,"85,623.28","-10,973,286.00",-14.61,1.35,1.27,-0.09,-10.22,70.93,11.34,-,-,-
Cincinnati|Reds-2007,"69,660,833.00",31.00,"2,247,123.65",72.00,"967,511.57",783.00,"88,966.58","-5,444,286.00",-7.25,5.95,-8.86,1.22,-5.07,74.99,4.16,-,-,-
Cincinnati|Reds-2008,"72,788,000.00",30.00,"2,426,266.67",74.00,"983,621.62",704.00,"103,392.05","-2,317,119.00",-3.09,-4.74,-6.33,2.05,-2.16,77.30,4.45,-,-,-
Cincinnati|Reds-2009,"76,188,500.00",28.00,"2,721,017.86",78.00,"976,775.64",673.00,"113,207.28","1,083,381.00",1.44,-8.93,-1.27,-0.88,1.01,79.80,2.30,-,-,-
Cincinnati|Reds-2010,"81,150,833.00",31.00,"2,617,768.81",91.00,"891,767.40",790.00,"102,722.57","6,045,714.00",8.05,6.90,15.19,1.89,5.63,83.45,8.30,-,-,-
Cincinnati|Reds-2011,"80,826,667.00",31.00,"2,607,311.84",79.00,"1,023,122.37",735.00,"109,968.25","5,721,548.00",7.62,-0.54,0.00,0.00,5.33,83.21,5.33,-,-,-
Cincinnati|Reds-2012,"80,989,167.00",-,-,-,-,-,-,"5,884,048.00",0.08,-,0.05,-,-,-,-,79.04,74.58,86.09
Cincinnati|Reds-AVG,"75,105,119.00",30.00,"2,471,821.89",79.00,"940,741.08",739.00,"100,646.67",0.00,-1.11,-,-,0.70,-,-,5.98,-,-,-
Cleveland|Indians-2006,"56,041,800.00",25.00,"2,241,672.00",78.00,"718,484.62",870.00,"64,415.86","-7,902,833.43",-12.36,13.26,-0.21,0.02,-7.28,72.48,7.08,-,-,-
Cleveland|Indians-2007,"61,452,100.00",31.00,"1,982,325.81",96.00,"640,126.04",811.00,"75,773.24","-2,492,533.43",-3.90,5.58,22.81,-5.85,-2.30,76.37,20.45,-,-,-
Cleveland|Indians-2008,"77,650,900.00",29.00,"2,677,617.24",81.00,"958,653.09",805.00,"96,460.75","13,706,266.57",21.43,4.79,3.62,0.17,12.63,88.04,8.69,-,-,-
Cleveland|Indians-2009,"85,472,100.00",28.00,"3,052,575.00",65.00,"1,314,955.38",773.00,"110,571.93","21,527,466.57",33.67,0.63,-16.84,-0.50,19.83,93.67,44.10,-,-,-
Cleveland|Indians-2010,"61,203,967.00",29.00,"2,110,481.62",69.00,"887,014.01",646.00,"94,742.98","-2,740,666.43",-4.29,-15.90,-11.73,2.74,-2.52,76.19,10.43,-,-,-
Cleveland|Indians-2011,"49,426,567.00",30.00,"1,647,552.23",80.00,"617,832.09",704.00,"70,208.19","-14,518,066.43",-22.70,-8.35,2.35,-0.10,-13.37,67.71,15.36,-,-,-
Cleveland|Indians-2012,"56,365,000.00",-,-,-,-,-,-,"-7,579,633.43",-0.12,-,-0.07,-,-,-,-,78.11,66.37,65.83
Cleveland|Indians-AVG,"63,944,633.43",28.67,"2,285,370.65",78.17,"856,177.54",768.17,"85,362.16",0.00,1.68,-,-,0.59,-,-,17.68,-,-,-
Colorado|Rockies-2006,"41,666,000.00",32.00,"1,302,062.50",76.00,"548,236.84",813.00,"51,249.69","-27,451,620.14",-39.72,3.15,-6.56,0.17,-22.61,62.94,17.18,-,-,-
Colorado|Rockies-2007,"57,062,000.00",34.00,"1,678,294.12",90.00,"634,022.22",860.00,"66,351.16","-12,055,620.14",-17.44,9.11,10.66,-0.61,-9.93,73.26,18.60,-,-,-
Colorado|Rockies-2008,"70,706,500.00",29.00,"2,438,155.17",74.00,"955,493.24",747.00,"94,653.95","1,588,879.86",2.30,-5.22,-9.02,-3.92,1.31,82.40,11.35,-,-,-
Colorado|Rockies-2009,"75,605,533.00",27.00,"2,800,204.93",92.00,"821,799.27",804.00,"94,036.73","6,487,912.86",9.39,2.01,13.11,1.40,5.34,85.68,6.87,-,-,-
Colorado|Rockies-2010,"84,618,333.00",31.00,"2,729,623.65",83.00,"1,019,497.99",770.00,"109,893.94","15,500,712.86",22.43,-2.30,2.05,0.09,12.77,91.72,10.50,-,-,-
Colorado|Rockies-2011,"82,311,404.00",27.00,"3,048,570.52",73.00,"1,127,553.48",735.00,"111,988.30","13,193,783.86",19.09,-6.75,-10.25,-0.54,10.87,90.17,23.52,-,-,-
Colorado|Rockies-2012,"71,853,571.00",-,-,-,-,-,-,"2,735,950.86",0.04,-,0.02,-,-,-,-,81.35,70.94,84.42
Colorado|Rockies-AVG,"69,117,620.14",30.00,"2,332,818.48",81.33,"851,100.51",788.17,"88,028.96",-0.00,-0.56,-,-,0.57,-,-,14.67,-,-,-
Detroit|Tigers-2006,"85,198,456.00",31.00,"2,748,337.29",95.00,"896,825.85",822.00,"103,647.76","-30,007,142.43",-26.05,2.52,9.83,-0.38,-19.43,69.69,26.64,-,-,-
Detroit|Tigers-2007,"98,108,500.00",33.00,"2,972,984.85",88.00,"1,114,869.32",887.00,"110,607.10","-17,097,098.43",-14.84,10.62,1.73,-0.12,-11.07,76.92,12.59,-,-,-
Detroit|Tigers-2008,"137,785,833.00",29.00,"4,751,235.62",74.00,"1,861,970.72",821.00,"167,826.84","22,580,234.57",19.60,2.39,-14.45,-0.74,14.62,99.15,33.98,-,-,-
Detroit|Tigers-2009,"115,648,000.00",28.00,"4,130,285.71",86.00,"1,344,744.19",743.00,"155,650.07","442,401.57",0.38,-7.34,-0.58,-1.51,0.29,86.75,0.87,-,-,-
Detroit|Tigers-2010,"135,170,400.00",30.00,"4,505,680.00",81.00,"1,668,770.37",751.00,"179,987.22","19,964,801.57",17.33,-6.34,-6.36,-0.37,12.93,97.68,20.59,-,-,-
Detroit|Tigers-2011,"106,953,000.00",28.00,"3,819,750.00",95.00,"1,125,821.05",787.00,"135,899.62","-8,252,598.43",-7.16,-1.85,9.83,-1.37,-5.34,81.88,13.81,-,-,-
Detroit|Tigers-2012,"127,575,000.00",-,-,-,-,-,-,"12,369,401.57",0.11,-,0.08,-,-,-,-,86.57,73.31,95.53
Detroit|Tigers-AVG,"115,205,598.43",29.83,"3,821,378.91",86.50,"1,335,500.25",801.83,"142,269.77",-0.00,-1.52,-,-,0.75,-,-,18.08,-,-,-
Florida|Marlins-2006,"16,960,500.00",32.00,"530,015.63",78.00,"217,442.31",758.00,"22,375.33","-27,453,520.71",-61.81,2.57,-0.85,0.01,-5.00,74.74,4.18,-,-,-
Florida|Marlins-2007,"31,257,000.00",33.00,"947,181.82",71.00,"440,239.44",790.00,"39,565.82","-13,157,020.71",-29.62,6.90,-9.75,0.33,-2.39,76.78,8.14,-,-,-
Florida|Marlins-2008,"25,079,000.00",39.00,"643,051.28",84.00,"298,559.52",770.00,"32,570.13","-19,335,020.71",-43.53,4.19,6.78,-0.16,-3.52,75.90,9.64,-,-,-
Florida|Marlins-2009,"37,041,926.00",30.00,"1,234,730.87",87.00,"425,769.26",772.00,"47,981.77","-7,372,094.71",-16.60,4.47,10.59,-0.64,-1.34,77.61,10.79,-,-,-
Florida|Marlins-2010,"47,429,719.00",27.00,"1,756,656.26",80.00,"592,871.49",719.00,"65,966.23","3,015,698.29",6.79,-2.71,1.69,0.25,0.55,79.10,1.13,-,-,-
Florida|Marlins-2011,"57,695,000.00",27.00,"2,136,851.85",72.00,"801,319.44",625.00,"92,312.00","13,280,979.29",29.90,-15.43,-8.47,-0.28,2.42,80.57,11.90,-,-,-
Florida|Marlins-2012,"95,435,000.00",-,-,-,-,-,-,"51,020,979.29",1.15,-,0.09,-,-,-,-,78.74,73.16,206.26
Florida|Marlins-AVG,"44,414,020.71",31.33,"1,208,081.28",78.67,"462,700.24",739.00,"50,128.55",-0.00,-16.25,-,-,0.08,-,-,7.63,-,-,-
Houston|Astros-2006,"95,998,000.00",34.00,"2,823,470.59",82.00,"1,170,707.32",735.00,"130,609.52","9,092,714.29",10.46,9.19,10.07,0.96,7.91,80.39,1.96,-,-,-
Houston|Astros-2007,"90,230,500.00",33.00,"2,734,257.58",73.00,"1,236,034.25",723.00,"124,800.14","3,325,214.29",3.83,7.40,-2.01,-0.53,2.89,76.65,5.01,-,-,-
Houston|Astros-2008,"96,369,000.00",31.00,"3,108,677.42",86.00,"1,120,569.77",712.00,"135,349.72","9,463,714.29",10.89,5.77,15.44,1.42,8.23,80.63,6.24,-,-,-
Houston|Astros-2009,"103,590,000.00",28.00,"3,699,642.86",74.00,"1,399,864.86",643.00,"161,104.20","16,684,714.29",19.20,-4.48,-0.67,-0.03,14.51,85.31,15.28,-,-,-
Houston|Astros-2010,"91,605,500.00",29.00,"3,158,810.34",76.00,"1,205,335.53",611.00,"149,927.17","4,700,214.29",5.41,-9.23,2.01,0.37,4.09,77.54,2.03,-,-,-
Houston|Astros-2011,"77,694,000.00",30.00,"2,589,800.00",56.00,"1,387,392.86",615.00,"126,331.71","-9,211,285.71",-10.60,-8.64,-24.83,2.34,-8.01,68.53,22.38,-,-,-
Houston|Astros-2012,"52,850,000.00",-,-,-,-,-,-,"-34,055,285.71",-0.39,-,-0.30,-,-,-,-,74.28,68.26,42.17
Houston|Astros-AVG,"86,905,285.71",30.83,"3,019,109.80",74.50,"1,253,317.43",673.17,"138,020.41",-0.00,5.54,-,-,0.76,-,-,8.82,-,-,-
Kansas-City|Royals-2006,"51,655,500.00",38.00,"1,359,355.26",62.00,"833,153.23",757.00,"68,237.12","-9,686,149.00",-15.79,6.97,-9.05,0.57,-7.23,63.24,2.00,-,-,-
Kansas-City|Royals-2007,"69,827,500.00",31.00,"2,252,500.00",69.00,"1,011,992.75",706.00,"98,905.81","8,485,851.00",13.83,-0.24,1.22,0.09,6.33,72.48,5.05,-,-,-
Kansas-City|Royals-2008,"63,821,500.00",30.00,"2,127,383.33",75.00,"850,953.33",691.00,"92,361.07","2,479,851.00",4.04,-2.36,10.02,2.48,1.85,69.43,7.43,-,-,-
Kansas-City|Royals-2009,"74,970,833.00",29.00,"2,585,201.14",65.00,"1,153,397.43",686.00,"109,286.93","13,629,184.00",22.22,-3.06,-4.65,-0.21,10.17,75.10,15.54,-,-,-
Kansas-City|Royals-2010,"76,760,210.00",34.00,"2,257,653.24",67.00,"1,145,674.78",676.00,"113,550.61","15,418,561.00",25.14,-4.47,-1.71,-0.07,11.51,76.01,13.45,-,-,-
Kansas-City|Royals-2011,"39,506,000.00",29.00,"1,362,275.86",71.00,"556,422.54",730.00,"54,117.81","-21,835,649.00",-35.60,3.16,4.16,-0.12,-16.30,57.06,19.64,-,-,-
Kansas-City|Royals-2012,"52,850,000.00",-,-,-,-,-,-,"-8,491,649.00",-0.14,-,-0.06,-,-,-,-,68.12,61.64,57.12
Kansas-City|Royals-AVG,"61,341,649.00",31.83,"1,990,728.14",68.17,"925,265.68",707.67,"89,409.89",0.00,1.96,-,-,0.46,-,-,10.52,-,-,-
Los-Angeles|Angels-2006,"102,392,000.00",25.00,"4,095,680.00",89.00,"1,150,471.91",766.00,"133,671.02","-21,870,159.29",-17.60,0.26,-2.20,0.12,-34.71,59.41,33.24,-,-,-
Los-Angeles|Angels-2007,"109,068,500.00",30.00,"3,635,616.67",94.00,"1,160,303.19",822.00,"132,686.74","-15,193,659.29",-12.23,7.59,3.30,-0.27,-24.12,69.06,26.54,-,-,-
Los-Angeles|Angels-2008,"119,783,700.00",31.00,"3,863,990.32",100.00,"1,197,837.00",765.00,"156,580.00","-4,478,459.29",-3.60,0.13,9.89,-2.74,-7.11,84.53,15.47,-,-,-
Los-Angeles|Angels-2009,"123,619,000.00",28.00,"4,414,964.29",97.00,"1,274,422.68",883.00,"139,998.87","-643,159.29",-0.52,15.58,6.59,-12.74,-1.02,90.07,7.14,-,-,-
Los-Angeles|Angels-2010,"120,613,867.00",31.00,"3,890,769.90",80.00,"1,507,673.34",681.00,"177,112.87","-3,648,292.29",-2.94,-10.86,-12.09,4.12,-5.79,85.73,7.16,-,-,-
Los-Angeles|Angels-2011,"145,398,524.00",32.00,"4,543,703.88",86.00,"1,690,680.51",667.00,"217,988.79","21,136,364.71",17.01,-12.70,-5.49,-0.32,33.55,121.53,41.31,-,-,-
Los-Angeles|Angels-2012,"148,959,524.00",-,-,-,-,-,-,"24,697,364.71",0.20,-,0.39,-,-,-,-,91.36,75.00,111.98
Los-Angeles|Angels-AVG,"124,262,159.29",29.50,"4,074,120.84",91.00,"1,330,231.44",764.00,"159,673.05",0.00,-2.81,-,-,1.97,-,-,21.81,-,-,-
"Los-Angeles|Dodgers-2006","98,804,000.00",27.00,"3,659,407.41",88.00,"1,122,772.73",820.00,"120,492.68","-6,036,509.29",-5.76,13.21,3.33,-0.58,-3.20,82.44,6.31,-,-,-
"Los-Angeles|Dodgers-2007","108,285,563.00",31.00,"3,493,082.68",82.00,"1,320,555.65",735.00,"147,327.30","3,445,053.71",3.29,1.47,-3.72,-1.13,1.82,86.72,5.76,-,-,-
"Los-Angeles|Dodgers-2008","119,475,901.00",33.00,"3,620,481.85",84.00,"1,422,332.15",700.00,"170,679.86","14,635,391.71",13.96,-3.36,-1.37,-0.10,7.75,91.77,9.25,-,-,-
"Los-Angeles|Dodgers-2009","106,637,984.00",28.00,"3,808,499.43",95.00,"1,122,505.09",780.00,"136,715.36","1,797,474.71",1.71,7.69,11.55,6.73,0.95,85.98,9.50,-,-,-
"Los-Angeles|Dodgers-2010","108,000,283.00",31.00,"3,483,880.10",80.00,"1,350,003.54",667.00,"161,919.46","3,159,773.71",3.01,-7.92,-6.07,-0.50,1.67,86.59,8.24,-,-,-
"Los-Angeles|Dodgers-2011","108,388,167.00",32.00,"3,387,130.22",82.00,"1,321,806.91",644.00,"168,304.61","3,547,657.71",3.38,-11.09,-3.72,-1.10,1.88,86.77,5.81,-,-,-
"Los-Angeles|Dodgers-2012","84,291,667.00",-,-,-,-,-,-,"-20,548,842.29",-0.20,-,-0.11,-,-,-,-,85.07,79.15,66.03
"Los-Angeles|Dodgers-AVG","104,840,509.29",30.33,"3,575,413.61",85.17,"1,276,662.68",724.33,"150,906.55",0.00,2.77,-,-,0.56,-,-,7.48,-,-,-
Milwaukee|Brewers-2006,"60,452,000.00",30.00,"2,015,066.67",75.00,"806,026.67",730.00,"82,810.96","-18,062,095.14",-23.00,-3.46,-10.18,0.44,-292.96,-161.12,314.83,-,-,-
Milwaukee|Brewers-2007,"70,575,500.00",29.00,"2,433,637.93",83.00,"850,307.23",801.00,"88,109.24","-7,938,595.14",-10.11,5.93,-0.60,0.06,-128.76,-24.02,128.94,-,-,-
Milwaukee|Brewers-2008,"78,594,000.00",26.00,"3,022,846.15",90.00,"873,266.67",750.00,"104,792.00","79,904.86",0.10,-0.82,7.78,76.49,1.30,84.58,6.02,-,-,-
Milwaukee|Brewers-2009,"80,682,500.00",27.00,"2,988,240.74",80.00,"1,008,531.25",785.00,"102,780.25","2,168,404.86",2.76,3.81,-4.19,-1.52,35.17,112.87,41.08,-,-,-
Milwaukee|Brewers-2010,"84,008,000.00",32.00,"2,625,250.00",77.00,"1,091,012.99",750.00,"112,010.67","5,493,904.86",7.00,-0.82,-7.78,-1.11,89.11,157.91,105.07,-,-,-
Milwaukee|Brewers-2011,"84,253,333.00",30.00,"2,808,444.43",96.00,"877,638.89",721.00,"116,856.22","5,739,237.86",7.31,-4.65,14.97,2.05,93.09,161.23,67.95,-,-,-
Milwaukee|Brewers-2012,"91,033,333.00",-,-,-,-,-,-,"12,519,237.86",0.16,-,2.03,-,-,-,-,85.20,40.44,99.19
Milwaukee|Brewers-AVG,"78,514,095.14",29.00,"2,648,914.32",83.50,"917,797.28",756.17,"101,226.56",-0.00,-2.26,-,-,12.73,-,-,110.65,-,-,-
Minnesota|Twins-2006,"65,024,500.00",28.00,"2,322,303.57",96.00,"677,338.54",801.00,"81,179.15","-16,455,871.57",-20.20,5.28,13.61,-0.67,-1.82,82.96,13.58,-,-,-
Minnesota|Twins-2007,"72,189,500.00",29.00,"2,489,293.10",79.00,"913,791.14",718.00,"100,542.48","-9,290,871.57",-11.40,-5.63,-6.51,0.57,-1.03,83.63,5.86,-,-,-
Minnesota|Twins-2008,"61,442,667.00",25.00,"2,457,706.68",88.00,"698,212.13",829.00,"74,116.61","-20,037,704.57",-24.59,8.96,4.14,-0.17,-2.22,82.62,6.11,-,-,-
Minnesota|Twins-2009,"67,027,267.00",28.00,"2,393,830.96",87.00,"770,428.36",817.00,"82,040.72","-14,453,104.57",-17.74,7.38,2.96,-0.17,-1.60,83.15,4.43,-,-,-
Minnesota|Twins-2010,"98,159,167.00",30.00,"3,271,972.23",94.00,"1,044,246.46",781.00,"125,683.95","16,678,795.43",20.47,2.65,11.24,0.55,1.85,86.06,8.44,-,-,-
Minnesota|Twins-2011,"113,237,000.00",26.00,"4,355,269.23",63.00,"1,797,412.70",619.00,"182,935.38","31,756,628.43",38.97,-18.64,-25.44,-0.65,3.52,87.47,38.85,-,-,-
Minnesota|Twins-2012,"93,282,500.00",-,-,-,-,-,-,"11,802,128.43",0.14,-,0.01,-,-,-,-,84.51,74.87,94.84
Minnesota|Twins-AVG,"81,480,371.57",27.67,"2,881,729.30",84.50,"983,571.55",760.83,"107,749.71",0.00,-2.05,-,-,0.09,-,-,12.88,-,-,-
"New-York|Mets-2006","105,337,140.00",30.00,"3,511,238.00",97.00,"1,085,949.90",834.00,"126,303.53","-18,907,502.71",-15.22,11.65,16.40,-1.08,-12.24,73.13,24.60,-,-,-
"New-York|Mets-2007","116,683,000.00",32.00,"3,646,343.75",88.00,"1,325,943.18",804.00,"145,128.11","-7,561,642.71",-6.09,7.63,5.60,-0.92,-4.89,79.25,9.94,-,-,-
"New-York|Mets-2008","137,759,000.00",31.00,"4,443,838.71",89.00,"1,547,853.93",799.00,"172,414.27","13,514,357.29",10.88,6.96,6.80,0.63,8.75,90.62,1.82,-,-,-
"New-York|Mets-2009","152,550,596.00",31.00,"4,920,986.97",70.00,"2,179,294.23",671.00,"227,348.13","28,305,953.29",22.78,-10.17,-16.00,-0.70,18.32,98.60,40.86,-,-,-
"New-York|Mets-2010","127,098,096.00",30.00,"4,236,603.20",79.00,"1,608,836.66",656.00,"193,747.10","2,853,453.29",2.30,-12.18,-5.20,-2.26,1.85,84.87,7.43,-,-,-
"New-York|Mets-2011","143,672,167.00",33.00,"4,353,702.03",77.00,"1,865,872.30",718.00,"200,100.51","19,427,524.29",15.64,-3.88,-7.60,-0.49,12.57,93.81,21.83,-,-,-
"New-York|Mets-2012","86,612,500.00",-,-,-,-,-,-,"-37,632,142.71",-0.30,-,-0.24,-,-,-,-,83.13,70.60,54.06
"New-York|Mets-AVG","124,244,642.71",31.17,"4,185,452.11",83.33,"1,602,291.70",747.00,"177,506.94",-0.00,4.28,-,-,0.80,-,-,17.75,-,-,-
New-York|Yankees-2006,"201,304,171.00",29.00,"6,941,523.14",97.00,"2,075,300.73",930.00,"216,456.10","-2,910,838.43",-1.43,4.73,1.22,-0.85,-4.19,91.82,5.34,-,-,-
New-York|Yankees-2007,"195,601,007.00",30.00,"6,520,033.57",94.00,"2,080,861.78",968.00,"202,067.16","-8,614,002.43",-4.22,9.01,-1.91,0.45,-12.40,83.95,10.70,-,-,-
New-York|Yankees-2008,"213,493,346.00",30.00,"7,116,444.87",89.00,"2,398,801.64",789.00,"270,587.26","9,278,336.57",4.54,-11.15,-7.13,-1.57,13.36,108.64,22.07,-,-,-
New-York|Yankees-2009,"203,275,189.00",29.00,"7,009,489.28",103.00,"1,973,545.52",915.00,"222,158.68","-939,820.43",-0.46,3.04,7.48,-16.25,-1.35,94.54,8.22,-,-,-
New-York|Yankees-2010,"213,358,389.00",30.00,"7,111,946.30",95.00,"2,245,877.78",859.00,"248,379.96","9,143,379.57",4.48,-3.27,-0.87,-0.19,13.17,108.45,14.16,-,-,-
New-York|Yankees-2011,"207,447,964.00",32.00,"6,482,748.88",97.00,"2,138,638.80",867.00,"239,271.01","3,232,954.57",1.58,-2.36,1.22,0.77,4.66,100.29,3.40,-,-,-
New-York|Yankees-2012,"195,025,000.00",-,-,-,-,-,-,"-9,190,009.43",-0.05,-,-0.13,-,-,-,-,95.71,86.50,90.62
New-York|Yankees-AVG,"204,215,009.43",30.00,"6,863,697.67",95.83,"2,152,171.04",888.00,"233,153.36",-0.00,0.64,-,-,2.94,-,-,10.65,-,-,-
Oakland|Athletics-2006,"64,615,625.00",18.00,"3,589,756.94",93.00,"694,791.67",771.00,"83,807.56","5,244,407.14",8.83,9.49,17.72,2.01,0.55,79.43,14.59,-,-,-
Oakland|Athletics-2007,"80,777,050.00",34.00,"2,375,795.59",76.00,"1,062,855.92",741.00,"109,010.86","21,405,832.14",36.05,5.23,-3.80,-0.11,2.24,80.77,6.28,-,-,-
Oakland|Athletics-2008,"46,325,000.00",25.00,"1,853,000.00",75.00,"617,666.67",646.00,"71,710.53","-13,046,217.86",-21.97,-8.26,-5.06,0.23,-1.37,77.92,3.89,-,-,-
Oakland|Athletics-2009,"62,434,450.00",28.00,"2,229,801.79",75.00,"832,459.33",759.00,"82,258.83","3,063,232.14",5.16,7.79,-5.06,-0.98,0.32,79.25,5.67,-,-,-
Oakland|Athletics-2010,"54,457,400.00",31.00,"1,756,690.32",81.00,"672,313.58",663.00,"82,137.86","-4,913,817.86",-8.28,-5.85,2.53,-0.31,-0.52,78.59,2.97,-,-,-
Oakland|Athletics-2011,"67,354,000.00",29.00,"2,322,551.72",74.00,"910,189.19",645.00,"104,424.81","7,982,782.14",13.45,-8.40,-6.33,-0.47,0.84,79.66,7.65,-,-,-
Oakland|Athletics-2012,"39,635,000.00",-,-,-,-,-,-,"-19,736,217.86",-0.33,-,-0.02,-,-,-,-,78.98,73.93,49.64
Oakland|Athletics-AVG,"59,371,217.86",27.50,"2,354,599.39",79.00,"798,379.39",704.17,"88,891.74",-0.00,4.70,-,-,0.06,-,-,6.84,-,-,-
Philadelphia|Phillies-2006,"87,642,000.00",28.00,"3,130,071.43",85.00,"1,031,082.35",865.00,"101,320.23","-39,931,024.71",-31.30,6.77,-8.60,0.27,-5.86,87.55,3.00,-,-,-
Philadelphia|Phillies-2007,"89,839,547.00",30.00,"2,994,651.57",89.00,"1,009,433.11",892.00,"100,716.98","-37,733,477.71",-29.58,10.10,-4.30,0.15,-5.54,87.85,1.29,-,-,-
Philadelphia|Phillies-2008,"100,535,047.00",31.00,"3,243,066.03",92.00,"1,092,772.25",799.00,"125,826.09","-27,037,977.71",-21.19,-1.38,-1.08,0.05,-3.97,89.31,2.92,-,-,-
Philadelphia|Phillies-2009,"137,837,380.00",32.00,"4,307,418.13",93.00,"1,482,122.37",820.00,"168,094.37","10,264,355.29",8.05,1.21,0.00,0.00,1.51,94.40,1.51,-,-,-
Philadelphia|Phillies-2010,"144,178,379.00",30.00,"4,805,945.97",97.00,"1,486,375.04",772.00,"186,759.56","16,605,354.29",13.02,-4.71,4.30,0.33,2.44,95.27,1.79,-,-,-
Philadelphia|Phillies-2011,"165,976,381.00",30.00,"5,532,546.03",102.00,"1,627,219.42",713.00,"232,785.95","38,403,356.29",30.10,-11.99,9.68,0.32,5.63,98.24,3.69,-,-,-
Philadelphia|Phillies-2012,"167,002,439.00",-,-,-,-,-,-,"39,429,414.29",0.31,-,0.06,-,-,-,-,93.05,90.90,129.64
Philadelphia|Phillies-AVG,"127,573,024.71",30.17,"4,002,283.19",93.00,"1,288,167.42",810.17,"152,583.86",-0.00,-4.37,-,-,0.19,-,-,2.37,-,-,-
"Pittsburgh|Pirates-2006","47,700,750.00",32.00,"1,490,648.44",67.00,"711,951.49",691.00,"69,031.48","2,082,563.00",4.57,4.09,2.29,0.50,2.15,66.91,0.13,-,-,-
"Pittsburgh|Pirates-2007","41,444,500.00",32.00,"1,295,140.63",68.00,"609,477.94",724.00,"57,243.78","-4,173,687.00",-9.15,9.06,3.82,-0.42,-4.32,62.67,7.84,-,-,-
"Pittsburgh|Pirates-2008","50,205,725.00",31.00,"1,619,539.52",67.00,"749,339.18",735.00,"68,307.11","4,587,538.00",10.06,10.72,2.29,0.23,4.75,68.61,2.40,-,-,-
"Pittsburgh|Pirates-2009","52,736,000.00",32.00,"1,648,000.00",62.00,"850,580.65",636.00,"82,918.24","7,117,813.00",15.60,-4.19,-5.34,-0.34,7.36,70.32,13.42,-,-,-
"Pittsburgh|Pirates-2010","40,668,000.00",29.00,"1,402,344.83",57.00,"713,473.68",587.00,"69,281.09","-4,950,187.00",-10.85,-11.57,-12.98,1.20,-5.12,62.15,9.03,-,-,-
"Pittsburgh|Pirates-2011","44,485,667.00",30.00,"1,482,855.57",72.00,"617,856.49",610.00,"72,927.32","-1,132,520.00",-2.48,-8.11,9.92,-4.00,-1.17,64.73,10.09,-,-,-
"Pittsburgh|Pirates-2012","42,086,667.00",-,-,-,-,-,-,"-3,531,520.00",-0.08,-,-0.04,-,-,-,-,65.48,61.11,59.38
"Pittsburgh|Pirates-AVG","45,618,187.00",31.00,"1,489,754.83",65.50,"708,779.90",663.83,"69,951.50",0.00,1.09,-,-,0.47,-,-,7.15,-,-,-
"San-Diego|Padres-2006","69,170,167.00",33.00,"2,096,065.67",88.00,"786,024.63",731.00,"94,624.03","15,029,368.29",27.76,9.51,10.92,0.39,8.55,86.12,2.14,-,-,-
"San-Diego|Padres-2007","58,571,067.00",28.00,"2,091,823.82",89.00,"658,101.88",741.00,"79,043.28","4,430,268.29",8.18,11.01,12.18,1.49,2.52,81.33,8.61,-,-,-
"San-Diego|Padres-2008","74,010,117.00",33.00,"2,242,730.82",63.00,"1,174,763.76",637.00,"116,185.43","19,869,318.29",36.70,-4.57,-20.59,-0.56,11.31,88.30,40.17,-,-,-
"San-Diego|Padres-2009","43,770,800.00",31.00,"1,411,961.29",75.00,"583,610.67",638.00,"68,606.27","-10,369,998.71",-19.15,-4.42,-5.46,0.29,-5.90,74.65,0.47,-,-,-
"San-Diego|Padres-2010","37,799,300.00",26.00,"1,453,819.23",90.00,"419,992.22",665.00,"56,841.05","-16,341,498.71",-30.18,-0.37,13.45,-0.45,-9.30,71.95,20.05,-,-,-
"San-Diego|Padres-2011","45,869,140.00",31.00,"1,479,649.68",71.00,"646,044.23",593.00,"77,350.99","-8,271,658.71",-15.28,-11.16,-10.50,0.69,-4.71,75.60,6.48,-,-,-
"San-Diego|Padres-2012","49,795,000.00",-,-,-,-,-,-,"-4,345,798.71",-0.08,-,-0.02,-,-,-,-,79.31,70.20,69.99
"San-Diego|Padres-AVG","54,140,798.71",30.33,"1,796,008.42",79.33,"711,422.90",667.50,"82,108.51",-0.00,1.14,-,-,0.31,-,-,12.98,-,-,-
San-Francisco|Giants-2006,"90,017,671.00",26.00,"3,462,218.12",76.00,"1,184,443.04",746.00,"120,667.12","-7,079,853.57",-7.29,12.10,-5.98,0.82,-218.02,-95.40,225.53,-,-,-
San-Francisco|Giants-2007,"89,691,052.00",27.00,"3,321,890.81",71.00,"1,263,254.25",683.00,"131,319.26","-7,406,472.57",-7.63,2.63,-12.16,1.59,-228.08,-103.53,245.82,-,-,-
San-Francisco|Giants-2008,"75,877,000.00",30.00,"2,529,233.33",72.00,"1,053,847.22",640.00,"118,557.81","-21,220,524.57",-21.85,-3.83,-10.93,0.50,-653.48,-447.40,721.38,-,-,-
San-Francisco|Giants-2009,"82,566,450.00",29.00,"2,847,118.97",88.00,"938,255.11",657.00,"125,671.92","-14,531,074.57",-14.97,-1.28,8.87,-0.59,-447.48,-280.88,419.18,-,-,-
San-Francisco|Giants-2010,"97,023,833.00",28.00,"3,465,136.89",92.00,"1,054,606.88",697.00,"139,202.06","-73,691.57",-0.08,4.73,13.81,-182.02,-2.27,79.00,14.13,-,-,-
San-Francisco|Giants-2011,"118,198,333.00",27.00,"4,377,716.04",86.00,"1,374,399.22",570.00,"207,365.50","21,100,808.43",21.73,-14.35,6.39,0.29,649.79,606.08,604.75,-,-,-
San-Francisco|Giants-2012,"126,308,333.00",-,-,-,-,-,-,"29,210,808.43",0.30,-,9.00,-,-,-,-,88.10,18.67,110.33
San-Francisco|Giants-AVG,"97,097,524.57",27.83,"3,333,885.69",80.83,"1,144,800.96",665.50,"140,463.94",0.00,-4.25,-,-,29.90,-,-,371.80,-,-,-
Seattle|Mariners-2006,"87,353,500.00",28.00,"3,119,767.86",78.00,"1,119,916.67",756.00,"115,546.96","-8,196,574.86",-8.58,15.42,6.36,-0.74,-17.39,60.58,22.33,-,-,-
Seattle|Mariners-2007,"104,555,000.00",27.00,"3,872,407.41",88.00,"1,188,125.00",794.00,"131,681.36","9,004,925.14",9.42,21.22,20.00,2.12,19.11,87.34,0.74,-,-,-
Seattle|Mariners-2008,"119,080,500.00",28.00,"4,252,875.00",61.00,"1,952,139.34",671.00,"177,467.21","23,530,425.14",24.63,2.44,-16.82,-0.68,49.93,109.95,80.24,-,-,-
Seattle|Mariners-2009,"99,582,500.00",29.00,"3,433,879.31",85.00,"1,171,558.82",640.00,"155,597.66","4,032,425.14",4.22,-2.29,15.91,3.77,8.56,79.61,6.34,-,-,-
Seattle|Mariners-2010,"90,843,333.00",29.00,"3,132,528.72",61.00,"1,489,234.97",513.00,"177,082.52","-4,706,741.86",-4.93,-21.68,-16.82,3.41,-9.99,66.01,8.21,-,-,-
Seattle|Mariners-2011,"93,623,191.00",32.00,"2,925,724.72",67.00,"1,397,361.06",556.00,"168,387.03","-1,926,883.86",-2.02,-15.11,-8.64,4.28,-4.09,70.34,4.98,-,-,-
Seattle|Mariners-2012,"73,812,500.00",-,-,-,-,-,-,"-21,737,574.86",-0.23,-,-0.46,-,-,-,-,73.00,60.59,53.24
Seattle|Mariners-AVG,"95,550,074.86",28.83,"3,456,197.17",73.33,"1,386,389.31",655.00,"154,293.79",0.00,3.22,-,-,2.03,-,-,20.48,-,-,-
St.-Louis|Cardinals-2006,"89,093,658.00",29.00,"3,072,195.10",83.00,"1,073,417.57",781.00,"114,076.39","-9,608,007.43",-9.73,3.83,-3.11,0.32,-0.80,84.98,2.39,-,-,-
St.-Louis|Cardinals-2007,"94,366,000.00",29.00,"3,254,000.00",78.00,"1,209,820.51",725.00,"130,160.00","-4,335,665.43",-4.39,-3.61,-8.95,2.04,-0.36,85.36,9.43,-,-,-
St.-Louis|Cardinals-2008,"99,865,500.00",32.00,"3,120,796.88",86.00,"1,161,226.74",779.00,"128,197.05","1,163,834.57",1.18,3.57,0.39,0.33,0.10,85.75,0.29,-,-,-
St.-Louis|Cardinals-2009,"96,298,500.00",28.00,"3,439,232.14",91.00,"1,058,225.27",730.00,"131,915.75","-2,403,165.43",-2.43,-2.95,6.23,-2.56,-0.20,85.49,6.05,-,-,-
St.-Louis|Cardinals-2010,"94,220,500.00",25.00,"3,768,820.00",86.00,"1,095,587.21",736.00,"128,016.98","-4,481,165.43",-4.54,-2.15,0.39,-0.09,-0.37,85.35,0.76,-,-,-
St.-Louis|Cardinals-2011,"109,798,000.00",29.00,"3,786,137.93",90.00,"1,219,977.78",762.00,"144,091.86","11,096,334.57",11.24,1.31,5.06,0.45,0.93,86.46,3.93,-,-,-
St.-Louis|Cardinals-2012,"107,269,500.00",-,-,-,-,-,-,"8,567,834.57",0.09,-,0.01,-,-,-,-,85.67,82.53,94.40
St.-Louis|Cardinals-AVG,"98,701,665.43",28.67,"3,406,863.68",85.67,"1,136,375.85",752.17,"129,409.67",-0.00,-1.23,-,-,0.08,-,-,3.81,-,-,-
Tampa-Bay|Rays-2006,"38,319,967.00",34.00,"1,127,057.85",61.00,"628,196.18",689.00,"55,616.79","-11,576,965.29",-23.20,-9.28,-26.06,1.12,-7.24,76.53,25.46,-,-,-
Tampa-Bay|Rays-2007,"25,790,800.00",31.00,"831,961.29",66.00,"390,769.70",782.00,"32,980.56","-24,106,132.29",-48.31,2.96,-20.00,0.41,-15.07,70.07,6.16,-,-,-
Tampa-Bay|Rays-2008,"47,124,500.00",36.00,"1,309,013.89",97.00,"485,819.59",774.00,"60,884.37","-2,772,432.29",-5.56,1.91,17.58,-3.16,-1.73,81.07,16.42,-,-,-
Tampa-Bay|Rays-2009,"63,138,868.00",32.00,"1,973,089.63",84.00,"751,653.19",803.00,"78,628.73","13,241,935.71",26.54,5.73,1.82,0.07,8.28,89.33,6.35,-,-,-
Tampa-Bay|Rays-2010,"74,737,608.00",33.00,"2,264,776.00",96.00,"778,516.75",802.00,"93,189.04","24,840,675.71",49.78,5.60,16.36,0.33,15.53,95.31,0.72,-,-,-
Tampa-Bay|Rays-2011,"41,901,308.00",27.00,"1,551,900.30",91.00,"460,453.93",707.00,"59,266.35","-7,995,624.29",-16.02,-6.91,10.30,-0.64,-5.00,78.38,13.87,-,-,-
Tampa-Bay|Rays-2012,"58,265,475.00",-,-,-,-,-,-,"8,368,542.71",0.17,-,0.05,-,-,-,-,82.54,74.03,100.01
Tampa-Bay|Rays-AVG,"49,896,932.29",32.17,"1,509,633.16",82.50,"582,568.22",759.50,"63,427.64",0.00,-2.37,-,-,0.31,-,-,11.50,-,-,-
Texas|Rangers-2006,"69,594,360.00",39.00,"1,784,470.77",80.00,"869,929.50",835.00,"83,346.54","-10,367,945.71",-12.97,0.64,-5.33,0.41,-3.52,81.52,1.90,-,-,-
Texas|Rangers-2007,"70,934,240.00",41.00,"1,730,103.41",75.00,"945,789.87",816.00,"86,929.22","-9,028,065.71",-11.29,-1.65,-11.24,1.00,-3.07,81.91,9.21,-,-,-
Texas|Rangers-2008,"68,081,980.00",41.00,"1,660,536.10",79.00,"861,797.22",901.00,"75,562.69","-11,880,325.71",-14.86,8.60,-6.51,0.44,-4.04,81.09,2.64,-,-,-
Texas|Rangers-2009,"76,255,380.00",30.00,"2,541,846.00",87.00,"876,498.62",784.00,"97,264.52","-3,706,925.71",-4.64,-5.50,2.96,-0.64,-1.26,83.44,4.10,-,-,-
Texas|Rangers-2010,"58,490,000.00",30.00,"1,949,666.67",90.00,"649,888.89",787.00,"74,320.20","-21,472,305.71",-26.85,-5.14,6.51,-0.24,-7.30,78.33,12.96,-,-,-
Texas|Rangers-2011,"96,296,580.00",34.00,"2,832,252.35",96.00,"1,003,089.38",855.00,"112,627.58","16,334,274.29",20.43,3.05,13.61,0.67,5.55,89.19,7.09,-,-,-
Texas|Rangers-2012,"120,083,600.00",-,-,-,-,-,-,"40,121,294.29",0.50,-,0.14,-,-,-,,84.62,79.59,138.37
Texas|Rangers-AVG,"79,962,305.71",35.83,"2,083,145.88",84.50,"867,832.24",829.67,"88,341.79",-0.00,-7.10,-,-,0.27,-,-,6.32,-,-,-
Toronto|Blue-Jays-2006,"69,295,000.00",27.00,"2,566,481.48",87.00,"796,494.25",809.00,"85,655.13","-11,540,285.71",-14.28,6.17,5.03,-0.35,-19.26,66.88,23.13,-,-,-
Toronto|Blue-Jays-2007,"84,315,000.00",29.00,"2,907,413.79",83.00,"1,015,843.37",753.00,"111,972.11","3,479,714.29",4.30,-1.18,0.20,0.05,5.81,87.64,5.60,-,-,-
Toronto|Blue-Jays-2008,"104,368,800.00",30.00,"3,478,960.00",86.00,"1,213,590.70",714.00,"146,174.79","23,533,514.29",29.11,-6.30,3.82,0.13,39.28,115.37,34.15,-,-,-
Toronto|Blue-Jays-2009,"81,842,100.00",30.00,"2,728,070.00",75.00,"1,091,228.00",798.00,"102,559.02","1,006,814.29",1.25,4.72,-9.46,-7.59,1.68,84.23,12.30,-,-,-
Toronto|Blue-Jays-2010,"76,593,300.00",34.00,"2,252,744.12",85.00,"901,097.65",755.00,"101,448.08","-4,241,985.71",-5.25,-0.92,2.62,-0.50,-7.08,76.97,9.45,-,-,-
Toronto|Blue-Jays-2011,"70,317,800.00",33.00,"2,130,842.42",81.00,"868,120.99",743.00,"94,640.38","-10,517,485.71",-13.01,-2.49,-2.21,0.17,-17.55,68.29,15.69,-,-,-
Toronto|Blue-Jays-2012,"79,115,000.00",-,-,-,-,-,-,"-1,720,285.71",-0.02,-,-0.03,-,-,-,,82.81,70.95,80.64
Toronto|Blue-Jays-AVG,"80,835,285.71",30.50,"2,677,418.64",82.83,"981,062.49",762.00,"107,074.92",-0.00,0.30,-,-,1.35,-,-,16.72,-,-,-
Washington|Nationals-2006,"62,520,000.00",32.00,"1,953,750.00",71.00,"880,563.38",746.00,"83,806.97","322,663.14",0.52,10.55,3.65,7.04,1.30,69.39,2.27,-,-,-
Washington|Nationals-2007,"37,347,500.00",29.00,"1,287,844.83",73.00,"511,609.59",673.00,"55,494.06","-24,849,836.86",-39.95,-0.27,6.57,-0.16,-99.93,0.05,99.94,-,-,-
Washington|Nationals-2008,"56,261,000.00",32.00,"1,758,156.25",59.00,"953,576.27",641.00,"87,770.67","-5,936,336.86",-9.54,-5.01,-13.87,1.45,-23.87,52.15,11.61,-,-,-
Washington|Nationals-2009,"60,549,500.00",31.00,"1,953,209.68",59.00,"1,026,262.71",710.00,"85,280.99","-1,647,836.86",-2.65,5.21,-13.87,5.23,-6.63,63.96,8.41,-,-,-
Washington|Nationals-2010,"68,900,000.00",33.00,"2,087,878.79",69.00,"998,550.72",655.00,"105,190.84","6,702,663.14",10.78,-2.94,0.73,0.07,26.95,86.96,26.03,-,-,-
Washington|Nationals-2011,"69,756,929.00",33.00,"2,113,846.33",80.00,"871,961.61",624.00,"111,789.95","7,559,592.14",12.15,-7.53,16.79,1.38,30.40,89.32,11.66,-,-,-
Washington|Nationals-2012,"80,046,429.00",-,-,-,-,-,-,"17,849,092.14",0.29,-,0.72,-,-,-,,68.99,54.47,91.61
Washington|Nationals-AVG,"62,197,336.86",31.67,"1,859,114.31",68.50,"873,754.05",674.83,"88,222.25",-0.00,-4.06,-,-,2.50,-,-,26.65,-,-,-
ZZZ_TOTAL-LEAGUE-AVERAGES,"84,167,832.64",28.06,"2,830,500.07",75.92,"1,030,472.69",698.13,"112,517.62",-0.00,-,-,-,-,-,-,-,-,-,-
,,,,,,,,,,,,,,,,,,
,,,,,,,,,,,,,,,,,,
,,,,,,,,,,,,,,,,,,
,,,,,,,,,,,,,,,,,,
,,,,,,,,,,,,,,,,,,